INDEX,TITLE,PLAY_SECONDS,PLAY_TIME,DURATION,LAST_TIME,URL
1,基础班导学-精讲与实战,521,8m41s,0h8m41s,27h8m3s,https://www.bilibili.com/video/BV1Kg411T7t9/?p=1
2,HTML认知-01-初识-网页组成和本质,368,6m8s,0h14m49s,27h1m55s,https://www.bilibili.com/video/BV1Kg411T7t9/?p=2
3,HTML认知-02-了解-初识-浏览器,418,6m58s,0h21m47s,26h54m57s,https://www.bilibili.com/video/BV1Kg411T7t9/?p=3
4,HTML认知-03-初识-web标准,453,7m33s,0h29m20s,26h47m24s,https://www.bilibili.com/video/BV1Kg411T7t9/?p=4
5,HTML认知-04-HTML感知,737,12m17s,0h41m37s,26h35m7s,https://www.bilibili.com/video/BV1Kg411T7t9/?p=5
6,HTML认知-05-HTML骨架,368,6m8s,0h47m45s,26h28m59s,https://www.bilibili.com/video/BV1Kg411T7t9/?p=6
7,HTML认知-06-vscode的简介和使用,708,11m48s,0h59m33s,26h17m11s,https://www.bilibili.com/video/BV1Kg411T7t9/?p=7
8,HTML认知-07-注释,411,6m51s,1h6m24s,26h10m20s,https://www.bilibili.com/video/BV1Kg411T7t9/?p=8
9,HTML认知-08-标签组成和关系,377,6m17s,1h12m41s,26h4m3s,https://www.bilibili.com/video/BV1Kg411T7t9/?p=9
10,HTML认知-09-标题和段落,843,14m3s,1h26m44s,25h50m0s,https://www.bilibili.com/video/BV1Kg411T7t9/?p=10
11,HTML认知-10-换行和水平线标签,240,4m0s,1h30m44s,25h46m0s,https://www.bilibili.com/video/BV1Kg411T7t9/?p=11
12,HTML认知-11-文本格式化标签,588,9m48s,1h40m32s,25h36m12s,https://www.bilibili.com/video/BV1Kg411T7t9/?p=12
13,HTML认知-12-图片-基本使用,545,9m5s,1h49m37s,25h27m7s,https://www.bilibili.com/video/BV1Kg411T7t9/?p=13
14,HTML认知-13-图片-属性,512,8m32s,1h58m9s,25h18m35s,https://www.bilibili.com/video/BV1Kg411T7t9/?p=14
15,HTML认知-14-绝对路径,625,10m25s,2h8m34s,25h8m10s,https://www.bilibili.com/video/BV1Kg411T7t9/?p=15
16,HTML认知-15-相对路径-同级和下级,618,10m18s,2h18m52s,24h57m52s,https://www.bilibili.com/video/BV1Kg411T7t9/?p=16
17,HTML认知-16-相对路径-上级,335,5m35s,2h24m27s,24h52m17s,https://www.bilibili.com/video/BV1Kg411T7t9/?p=17
18,HTML认知-17-音频标签,568,9m28s,2h33m55s,24h42m49s,https://www.bilibili.com/video/BV1Kg411T7t9/?p=18
19,HTML认知-18-视频标签,457,7m37s,2h41m32s,24h35m12s,https://www.bilibili.com/video/BV1Kg411T7t9/?p=19
20,HTML认知-19-超链接,910,15m10s,2h56m42s,24h20m2s,https://www.bilibili.com/video/BV1Kg411T7t9/?p=20
21,HTML认知-20-综合案例-招聘,744,12m24s,3h9m6s,24h7m38s,https://www.bilibili.com/video/BV1Kg411T7t9/?p=21
22,HTML认知-21-综合案例-跳转-index,503,8m23s,3h17m29s,23h59m15s,https://www.bilibili.com/video/BV1Kg411T7t9/?p=22
23,HTML认知-22-综合案例-跳转-其他页面,511,8m31s,3h26m0s,23h50m44s,https://www.bilibili.com/video/BV1Kg411T7t9/?p=23
24,HTML基础-01-列表-使用场景,264,4m24s,3h30m24s,23h46m20s,https://www.bilibili.com/video/BV1Kg411T7t9/?p=24
25,HTML基础-02-列表-无序和有序,521,8m41s,3h39m5s,23h37m39s,https://www.bilibili.com/video/BV1Kg411T7t9/?p=25
26,HTML基础-03-列表-自定义,312,5m12s,3h44m17s,23h32m27s,https://www.bilibili.com/video/BV1Kg411T7t9/?p=26
27,HTML基础-04-表格-使用,801,13m21s,3h57m38s,23h19m6s,https://www.bilibili.com/video/BV1Kg411T7t9/?p=27
28,HTML基础-05-表格-表格标题和表头单元格,441,7m21s,4h4m59s,23h11m45s,https://www.bilibili.com/video/BV1Kg411T7t9/?p=28
29,HTML基础-06-表格-结构标签,536,8m56s,4h13m55s,23h2m49s,https://www.bilibili.com/video/BV1Kg411T7t9/?p=29
30,HTML基础-07-表格-合并单元格,606,10m6s,4h24m1s,22h52m43s,https://www.bilibili.com/video/BV1Kg411T7t9/?p=30
31,HTML基础-08-表单-应用场景,211,3m31s,4h27m32s,22h49m12s,https://www.bilibili.com/video/BV1Kg411T7t9/?p=31
32,HTML基础-09-表单-input基本使用,870,14m30s,4h42m2s,22h34m42s,https://www.bilibili.com/video/BV1Kg411T7t9/?p=32
33,HTML基础-10-表单-input-占位符(提示信息),246,4m6s,4h46m8s,22h30m36s,https://www.bilibili.com/video/BV1Kg411T7t9/?p=33
34,HTML基础-11-表单-单选功能和默认选中,551,9m11s,4h55m19s,22h21m25s,https://www.bilibili.com/video/BV1Kg411T7t9/?p=34
35,HTML基础-12-表单-上传多个文件,179,2m59s,4h58m18s,22h18m26s,https://www.bilibili.com/video/BV1Kg411T7t9/?p=35
36,HTML基础-13-表单-按钮-input,714,11m54s,5h10m12s,22h6m32s,https://www.bilibili.com/video/BV1Kg411T7t9/?p=36
37,HTML基础-14-表单-按钮button,315,5m15s,5h15m27s,22h1m17s,https://www.bilibili.com/video/BV1Kg411T7t9/?p=37
38,HTML基础-15-表单-下拉菜单,440,7m20s,5h22m47s,21h53m57s,https://www.bilibili.com/video/BV1Kg411T7t9/?p=38
39,HTML基础-16-表单-文本域,275,4m35s,5h27m22s,21h49m22s,https://www.bilibili.com/video/BV1Kg411T7t9/?p=39
40,HTML基础-17-表单-label标签,535,8m55s,5h36m17s,21h40m27s,https://www.bilibili.com/video/BV1Kg411T7t9/?p=40
41,HTML基础-18-语义化标签,695,11m35s,5h47m52s,21h28m52s,https://www.bilibili.com/video/BV1Kg411T7t9/?p=41
42,HTML基础-19-字符实体,258,4m18s,5h52m10s,21h24m34s,https://www.bilibili.com/video/BV1Kg411T7t9/?p=42
43,HTML基础-20-综合案例-学生信息表,598,9m58s,6h2m8s,21h14m36s,https://www.bilibili.com/video/BV1Kg411T7t9/?p=43
44,HTML基础-21-综合案例-表单,954,15m54s,6h18m2s,20h58m42s,https://www.bilibili.com/video/BV1Kg411T7t9/?p=44
45,CSS基础-01-体验css,735,12m15s,6h30m17s,20h46m27s,https://www.bilibili.com/video/BV1Kg411T7t9/?p=45
46,CSS基础-02-CSS引入方式,626,10m26s,6h40m43s,20h36m1s,https://www.bilibili.com/video/BV1Kg411T7t9/?p=46
47,CSS基础-03-选择器-标签,272,4m32s,6h45m15s,20h31m29s,https://www.bilibili.com/video/BV1Kg411T7t9/?p=47
48,CSS基础-04-选择器-类,517,8m37s,6h53m52s,20h22m52s,https://www.bilibili.com/video/BV1Kg411T7t9/?p=48
49,CSS基础-05-选择器-id,423,7m3s,7h0m55s,20h15m49s,https://www.bilibili.com/video/BV1Kg411T7t9/?p=49
50,CSS基础-06-选择器-通配符,292,4m52s,7h5m47s,20h10m57s,https://www.bilibili.com/video/BV1Kg411T7t9/?p=50
51,CSS基础-07-文字基本样式,575,9m35s,7h15m22s,20h1m22s,https://www.bilibili.com/video/BV1Kg411T7t9/?p=51
52,CSS基础-08-文字-字体,721,12m1s,7h27m23s,19h49m21s,https://www.bilibili.com/video/BV1Kg411T7t9/?p=52
53,CSS基础-09-拓展-层叠性,128,2m8s,7h29m31s,19h47m13s,https://www.bilibili.com/video/BV1Kg411T7t9/?p=53
54,CSS基础-10-font复合属性,508,8m28s,7h37m59s,19h38m45s,https://www.bilibili.com/video/BV1Kg411T7t9/?p=54
55,CSS基础-11-文本缩进,321,5m21s,7h43m20s,19h33m24s,https://www.bilibili.com/video/BV1Kg411T7t9/?p=55
56,CSS基础-12-水平对齐方式,458,7m38s,7h50m58s,19h25m46s,https://www.bilibili.com/video/BV1Kg411T7t9/?p=56
57,CSS基础-13-文本修饰线,289,4m49s,7h55m47s,19h20m57s,https://www.bilibili.com/video/BV1Kg411T7t9/?p=57
58,CSS基础-14-行高,563,9m23s,8h5m10s,19h11m34s,https://www.bilibili.com/video/BV1Kg411T7t9/?p=58
59,CSS基础-15-谷歌调试工具,758,12m38s,8h17m48s,18h58m56s,https://www.bilibili.com/video/BV1Kg411T7t9/?p=59
60,CSS基础-16-拓展-颜色取值,389,6m29s,8h24m17s,18h52m27s,https://www.bilibili.com/video/BV1Kg411T7t9/?p=60
61,CSS基础-17-拓展-标签居中,242,4m2s,8h28m19s,18h48m25s,https://www.bilibili.com/video/BV1Kg411T7t9/?p=61
62,CSS基础-18-综合案例1-标题完成,831,13m51s,8h42m10s,18h34m34s,https://www.bilibili.com/video/BV1Kg411T7t9/?p=62
63,CSS基础-19-综合案例1-新闻-内容,326,5m26s,8h47m36s,18h29m8s,https://www.bilibili.com/video/BV1Kg411T7t9/?p=63
64,CSS基础-20-综合案例2-图片完成,701,11m41s,8h59m17s,18h17m27s,https://www.bilibili.com/video/BV1Kg411T7t9/?p=64
65,CSS基础-21-综合案例2-产品-文字效果,459,7m39s,9h6m56s,18h9m48s,https://www.bilibili.com/video/BV1Kg411T7t9/?p=65
66,CSS进阶-01-选择器-后代,523,8m43s,9h15m39s,18h1m5s,https://www.bilibili.com/video/BV1Kg411T7t9/?p=66
67,CSS进阶-02-选择器-子代,344,5m44s,9h21m23s,17h55m21s,https://www.bilibili.com/video/BV1Kg411T7t9/?p=67
68,CSS进阶-03-选择器-并集,289,4m49s,9h26m12s,17h50m32s,https://www.bilibili.com/video/BV1Kg411T7t9/?p=68
69,CSS进阶-04-选择器-交集,364,6m4s,9h32m16s,17h44m28s,https://www.bilibili.com/video/BV1Kg411T7t9/?p=69
70,CSS进阶-05-选择器-伪类,274,4m34s,9h36m50s,17h39m54s,https://www.bilibili.com/video/BV1Kg411T7t9/?p=70
71,CSS进阶-06-emmet语法,855,14m15s,9h51m5s,17h25m39s,https://www.bilibili.com/video/BV1Kg411T7t9/?p=71
72,CSS进阶-07-背景-背景色,318,5m18s,9h56m23s,17h20m21s,https://www.bilibili.com/video/BV1Kg411T7t9/?p=72
73,CSS进阶-08-背景-背景图,242,4m2s,10h0m25s,17h16m19s,https://www.bilibili.com/video/BV1Kg411T7t9/?p=73
74,CSS进阶-09-背景-背景平铺,296,4m56s,10h5m21s,17h11m23s,https://www.bilibili.com/video/BV1Kg411T7t9/?p=74
75,CSS进阶-10-背景-背景位置,593,9m53s,10h15m14s,17h1m30s,https://www.bilibili.com/video/BV1Kg411T7t9/?p=75
76,CSS进阶-11-背景-background,717,11m57s,10h27m11s,16h49m33s,https://www.bilibili.com/video/BV1Kg411T7t9/?p=76
77,CSS进阶-12-背景图和img的区别,505,8m25s,10h35m36s,16h41m8s,https://www.bilibili.com/video/BV1Kg411T7t9/?p=77
78,CSS进阶-13-显示模式-块,512,8m32s,10h44m8s,16h32m36s,https://www.bilibili.com/video/BV1Kg411T7t9/?p=78
79,CSS进阶-14-显示模式-行内,361,6m1s,10h50m9s,16h26m35s,https://www.bilibili.com/video/BV1Kg411T7t9/?p=79
80,CSS进阶-15-显示模式-行内块,243,4m3s,10h54m12s,16h22m32s,https://www.bilibili.com/video/BV1Kg411T7t9/?p=80
81,CSS进阶-16-显示模式-转换,478,7m58s,11h2m10s,16h14m34s,https://www.bilibili.com/video/BV1Kg411T7t9/?p=81
82,CSS进阶-17-拓展-标签嵌套,408,6m48s,11h8m58s,16h7m46s,https://www.bilibili.com/video/BV1Kg411T7t9/?p=82
83,CSS进阶-18-CSS特性-继承性,827,13m47s,11h22m45s,15h53m59s,https://www.bilibili.com/video/BV1Kg411T7t9/?p=83
84,CSS进阶-19-CSS特性-层叠性,240,4m0s,11h26m45s,15h49m59s,https://www.bilibili.com/video/BV1Kg411T7t9/?p=84
85,CSS进阶-20-综合案例1,584,9m44s,11h36m29s,15h40m15s,https://www.bilibili.com/video/BV1Kg411T7t9/?p=85
86,CSS进阶-21-综合案例2,711,11m51s,11h48m20s,15h28m24s,https://www.bilibili.com/video/BV1Kg411T7t9/?p=86
87,CSS盒子模型-01-优先级-基本测试,831,13m51s,12h2m11s,15h14m33s,https://www.bilibili.com/video/BV1Kg411T7t9/?p=87
88,CSS盒子模型-02-优先级-叠加计算,547,9m7s,12h11m18s,15h5m26s,https://www.bilibili.com/video/BV1Kg411T7t9/?p=88
89,CSS盒子模型-03-优先级-计算题,861,14m21s,12h25m39s,14h51m5s,https://www.bilibili.com/video/BV1Kg411T7t9/?p=89
90,CSS盒子模型-04-谷歌-排错,801,13m21s,12h39m0s,14h37m44s,https://www.bilibili.com/video/BV1Kg411T7t9/?p=90
91,CSS盒子模型-05-PxCook,748,12m28s,12h51m28s,14h25m16s,https://www.bilibili.com/video/BV1Kg411T7t9/?p=91
92,CSS盒子模型-06-组成,766,12m46s,13h4m14s,14h12m30s,https://www.bilibili.com/video/BV1Kg411T7t9/?p=92
93,CSS盒子模型-07-浏览器效果,251,4m11s,13h8m25s,14h8m19s,https://www.bilibili.com/video/BV1Kg411T7t9/?p=93
94,CSS盒子模型-08-内容width和height,182,3m2s,13h11m27s,14h5m17s,https://www.bilibili.com/video/BV1Kg411T7t9/?p=94
95,CSS盒子模型-09-border使用方法,671,11m11s,13h22m38s,13h54m6s,https://www.bilibili.com/video/BV1Kg411T7t9/?p=95
96,CSS盒子模型-10-尺寸计算-border,272,4m32s,13h27m10s,13h49m34s,https://www.bilibili.com/video/BV1Kg411T7t9/?p=96
97,CSS盒子模型-11-案例,400,6m40s,13h33m50s,13h42m54s,https://www.bilibili.com/video/BV1Kg411T7t9/?p=97
98,CSS盒子模型-12-新浪导航-布局div,434,7m14s,13h41m4s,13h35m40s,https://www.bilibili.com/video/BV1Kg411T7t9/?p=98
99,CSS盒子模型-13-新浪导航-内容a,788,13m8s,13h54m12s,13h22m32s,https://www.bilibili.com/video/BV1Kg411T7t9/?p=99
100,CSS盒子模型-14-padding-多值,807,13m27s,14h7m39s,13h9m5s,https://www.bilibili.com/video/BV1Kg411T7t9/?p=100
101,CSS盒子模型-15-尺寸-border和padding,249,4m9s,14h11m48s,13h4m56s,https://www.bilibili.com/video/BV1Kg411T7t9/?p=101
102,CSS盒子模型-16-新浪导航-padding优化,364,6m4s,14h17m52s,12h58m52s,https://www.bilibili.com/video/BV1Kg411T7t9/?p=102
103,CSS盒子模型-17-內减模式,287,4m47s,14h22m39s,12h54m5s,https://www.bilibili.com/video/BV1Kg411T7t9/?p=103
104,CSS盒子模型-18-外边距,200,3m20s,14h25m59s,12h50m45s,https://www.bilibili.com/video/BV1Kg411T7t9/?p=104
105,CSS盒子模型-19-清除默认样式,324,5m24s,14h31m23s,12h45m21s,https://www.bilibili.com/video/BV1Kg411T7t9/?p=105
106,CSS盒子模型-20-版心居中,299,4m59s,14h36m22s,12h40m22s,https://www.bilibili.com/video/BV1Kg411T7t9/?p=106
107,CSS盒子模型-21-综合案例-新闻列表-div布局,324,5m24s,14h41m46s,12h34m58s,https://www.bilibili.com/video/BV1Kg411T7t9/?p=107
108,CSS盒子模型-22-综合案例-新闻列表-标题,575,9m35s,14h51m21s,12h25m23s,https://www.bilibili.com/video/BV1Kg411T7t9/?p=108
109,CSS盒子模型-23-综合案例-新闻列表-内容,548,9m8s,15h0m29s,12h16m15s,https://www.bilibili.com/video/BV1Kg411T7t9/?p=109
110,CSS盒子模型-24-外边距-问题,819,13m39s,15h14m8s,12h2m36s,https://www.bilibili.com/video/BV1Kg411T7t9/?p=110
111,CSS盒子模型-25-行内元素的垂直内外边距,261,4m21s,15h18m29s,11h58m15s,https://www.bilibili.com/video/BV1Kg411T7t9/?p=111
112,CSS浮动-01-结构伪类-基本用法,489,8m9s,15h26m38s,11h50m6s,https://www.bilibili.com/video/BV1Kg411T7t9/?p=112
113,CSS浮动-02-结构伪类-公式,576,9m36s,15h36m14s,11h40m30s,https://www.bilibili.com/video/BV1Kg411T7t9/?p=113
114,CSS浮动-03-伪元素,732,12m12s,15h48m26s,11h28m18s,https://www.bilibili.com/video/BV1Kg411T7t9/?p=114
115,CSS浮动-04-标准流,168,2m48s,15h51m14s,11h25m30s,https://www.bilibili.com/video/BV1Kg411T7t9/?p=115
116,CSS浮动-05-体验行内块问题,491,8m11s,15h59m25s,11h17m19s,https://www.bilibili.com/video/BV1Kg411T7t9/?p=116
117,CSS浮动-06-作用,420,7m0s,16h6m25s,11h10m19s,https://www.bilibili.com/video/BV1Kg411T7t9/?p=117
118,CSS浮动-07-特点,733,12m13s,16h18m38s,10h58m6s,https://www.bilibili.com/video/BV1Kg411T7t9/?p=118
119,CSS浮动-08-综合案例-小米布局,459,7m39s,16h26m17s,10h50m27s,https://www.bilibili.com/video/BV1Kg411T7t9/?p=119
120,CSS浮动-09-拓展-CSS属性顺序,297,4m57s,16h31m14s,10h45m30s,https://www.bilibili.com/video/BV1Kg411T7t9/?p=120
121,CSS浮动-10-综合案例-小米产品-左右结构,321,5m21s,16h36m35s,10h40m9s,https://www.bilibili.com/video/BV1Kg411T7t9/?p=121
122,CSS浮动-11-综合案例-小米产品-li,515,8m35s,16h45m10s,10h31m34s,https://www.bilibili.com/video/BV1Kg411T7t9/?p=122
123,CSS浮动-12-综合案例-导航,796,13m16s,16h58m26s,10h18m18s,https://www.bilibili.com/video/BV1Kg411T7t9/?p=123
124,CSS浮动-13-清除浮动-场景搭建,664,11m4s,17h9m30s,10h7m14s,https://www.bilibili.com/video/BV1Kg411T7t9/?p=124
125,CSS浮动-14-清除浮动-额外标签,280,4m40s,17h14m10s,10h2m34s,https://www.bilibili.com/video/BV1Kg411T7t9/?p=125
126,CSS浮动-15-清除浮动-单伪元素,456,7m36s,17h21m46s,9h54m58s,https://www.bilibili.com/video/BV1Kg411T7t9/?p=126
127,CSS浮动-16-清除浮动-双伪元素,366,6m6s,17h27m52s,9h48m52s,https://www.bilibili.com/video/BV1Kg411T7t9/?p=127
128,CSS浮动-17-清除浮动-overflow,149,2m29s,17h30m21s,9h46m23s,https://www.bilibili.com/video/BV1Kg411T7t9/?p=128
129,学成在线项目-01-准备工作,775,12m55s,17h43m16s,9h33m28s,https://www.bilibili.com/video/BV1Kg411T7t9/?p=129
130,学成在线项目-02-版心和清除默认样式,697,11m37s,17h54m53s,9h21m51s,https://www.bilibili.com/video/BV1Kg411T7t9/?p=130
131,学成在线项目-03-header布局,293,4m53s,17h59m46s,9h16m58s,https://www.bilibili.com/video/BV1Kg411T7t9/?p=131
132,学成在线项目-04-logo和nav布局,353,5m53s,18h5m39s,9h11m5s,https://www.bilibili.com/video/BV1Kg411T7t9/?p=132
133,学成在线项目-05-nav内容完成,658,10m58s,18h16m37s,9h0m7s,https://www.bilibili.com/video/BV1Kg411T7t9/?p=133
134,学成在线项目-06-搜索-布局和文本框,598,9m58s,18h26m35s,8h50m9s,https://www.bilibili.com/video/BV1Kg411T7t9/?p=134
135,学成在线项目-07-搜索-按钮,378,6m18s,18h32m53s,8h43m51s,https://www.bilibili.com/video/BV1Kg411T7t9/?p=135
136,学成在线项目-08-用户区域,409,6m49s,18h39m42s,8h37m2s,https://www.bilibili.com/video/BV1Kg411T7t9/?p=136
137,学成在线项目-09-banner-布局,465,7m45s,18h47m27s,8h29m17s,https://www.bilibili.com/video/BV1Kg411T7t9/?p=137
138,学成在线项目-10-banner-left完成,448,7m28s,18h54m55s,8h21m49s,https://www.bilibili.com/video/BV1Kg411T7t9/?p=138
139,学成在线项目-11-banner-right-标题,197,3m17s,18h58m12s,8h18m32s,https://www.bilibili.com/video/BV1Kg411T7t9/?p=139
140,学成在线项目-12-banner-right-内容,530,8m50s,19h7m2s,8h9m42s,https://www.bilibili.com/video/BV1Kg411T7t9/?p=140
141,学成在线项目-13-banner-right-全部课程,295,4m55s,19h11m57s,8h4m47s,https://www.bilibili.com/video/BV1Kg411T7t9/?p=141
142,学成在线项目-14-精品推荐,765,12m45s,19h24m42s,7h52m2s,https://www.bilibili.com/video/BV1Kg411T7t9/?p=142
143,学成在线项目-15-精品课程-标题,430,7m10s,19h31m52s,7h44m52s,https://www.bilibili.com/video/BV1Kg411T7t9/?p=143
144,学成在线项目-16-精品课程内容,673,11m13s,19h43m5s,7h33m39s,https://www.bilibili.com/video/BV1Kg411T7t9/?p=144
145,学成在线项目-17-版权区域-布局,376,6m16s,19h49m21s,7h27m23s,https://www.bilibili.com/video/BV1Kg411T7t9/?p=145
146,学成在线项目-18-版权区域-内容,516,8m36s,19h57m57s,7h18m47s,https://www.bilibili.com/video/BV1Kg411T7t9/?p=146
147,CSS定位装饰-01-定位-作用和使用步骤,382,6m22s,20h4m19s,7h12m25s,https://www.bilibili.com/video/BV1Kg411T7t9/?p=147
148,CSS定位装饰-02-定位-相对relative,340,5m40s,20h9m59s,7h6m45s,https://www.bilibili.com/video/BV1Kg411T7t9/?p=148
149,CSS定位装饰-03-了解-定位-注意事项,254,4m14s,20h14m13s,7h2m31s,https://www.bilibili.com/video/BV1Kg411T7t9/?p=149
150,CSS定位装饰-04-定位-绝对absolute-参照浏览器,460,7m40s,20h21m53s,6h54m51s,https://www.bilibili.com/video/BV1Kg411T7t9/?p=150
151,CSS定位装饰-05-定位-子绝父相,705,11m45s,20h33m38s,6h43m6s,https://www.bilibili.com/video/BV1Kg411T7t9/?p=151
152,CSS定位装饰-06-案例-学成在线-hot,447,7m27s,20h41m5s,6h35m39s,https://www.bilibili.com/video/BV1Kg411T7t9/?p=152
153,CSS定位装饰-07-定位-居中,605,10m5s,20h51m10s,6h25m34s,https://www.bilibili.com/video/BV1Kg411T7t9/?p=153
154,CSS定位装饰-08-定位-位移居中,370,6m10s,20h57m20s,6h19m24s,https://www.bilibili.com/video/BV1Kg411T7t9/?p=154
155,CSS定位装饰-09-案例-二维码,434,7m14s,21h4m34s,6h12m10s,https://www.bilibili.com/video/BV1Kg411T7t9/?p=155
156,CSS定位装饰-10-案例-banner,498,8m18s,21h12m52s,6h3m52s,https://www.bilibili.com/video/BV1Kg411T7t9/?p=156
157,CSS定位装饰-11-定位-固定,364,6m4s,21h18m56s,5h57m48s,https://www.bilibili.com/video/BV1Kg411T7t9/?p=157
158,CSS定位装饰-12-定位-显示层级,578,9m38s,21h28m34s,5h48m10s,https://www.bilibili.com/video/BV1Kg411T7t9/?p=158
159,CSS定位装饰-13-vertical-align-01,719,11m59s,21h40m33s,5h36m11s,https://www.bilibili.com/video/BV1Kg411T7t9/?p=159
160,CSS定位装饰-14-vertical-align-02,438,7m18s,21h47m51s,5h28m53s,https://www.bilibili.com/video/BV1Kg411T7t9/?p=160
161,CSS定位装饰-15-光标类型,432,7m12s,21h55m3s,5h21m41s,https://www.bilibili.com/video/BV1Kg411T7t9/?p=161
162,CSS定位装饰-16-圆角边框-基本使用,586,9m46s,22h4m49s,5h11m55s,https://www.bilibili.com/video/BV1Kg411T7t9/?p=162
163,CSS定位装饰-17-圆角边框-工作场景,384,6m24s,22h11m13s,5h5m31s,https://www.bilibili.com/video/BV1Kg411T7t9/?p=163
164,CSS定位装饰-18-溢出显示效果-overflow,406,6m46s,22h17m59s,4h58m45s,https://www.bilibili.com/video/BV1Kg411T7t9/?p=164
165,CSS定位装饰-19-显示隐藏-基本使用,350,5m50s,22h23m49s,4h52m55s,https://www.bilibili.com/video/BV1Kg411T7t9/?p=165
166,CSS定位装饰-20-案例-二维码显示隐藏,210,3m30s,22h27m19s,4h49m25s,https://www.bilibili.com/video/BV1Kg411T7t9/?p=166
167,CSS定位装饰-21-透明属性opacity,175,2m55s,22h30m14s,4h46m30s,https://www.bilibili.com/video/BV1Kg411T7t9/?p=167
168,小兔鲜项目搭建-01-CSS精灵-作用,227,3m47s,22h34m1s,4h42m43s,https://www.bilibili.com/video/BV1Kg411T7t9/?p=168
169,小兔鲜项目搭建-02-CSS精灵-使用,853,14m13s,22h48m14s,4h28m30s,https://www.bilibili.com/video/BV1Kg411T7t9/?p=169
170,小兔鲜项目搭建-03-背景图缩放,677,11m17s,22h59m31s,4h17m13s,https://www.bilibili.com/video/BV1Kg411T7t9/?p=170
171,小兔鲜项目搭建-04-盒子阴影,490,8m10s,23h7m41s,4h9m3s,https://www.bilibili.com/video/BV1Kg411T7t9/?p=171
172,小兔鲜项目搭建-05-过渡,562,9m22s,23h17m3s,3h59m41s,https://www.bilibili.com/video/BV1Kg411T7t9/?p=172
173,小兔鲜项目搭建-06-骨架标签,648,10m48s,23h27m51s,3h48m53s,https://www.bilibili.com/video/BV1Kg411T7t9/?p=173
174,小兔鲜项目搭建-07-SEO,779,12m59s,23h40m50s,3h35m54s,https://www.bilibili.com/video/BV1Kg411T7t9/?p=174
175,小兔鲜项目搭建-08-favicon-标题图标,163,2m43s,23h43m33s,3h33m11s,https://www.bilibili.com/video/BV1Kg411T7t9/?p=175
176,小兔鲜项目搭建-09-项目目录,653,10m53s,23h54m26s,3h22m18s,https://www.bilibili.com/video/BV1Kg411T7t9/?p=176
177,小兔鲜项目搭建-10-项目代码准备,402,6m42s,24h1m8s,3h15m36s,https://www.bilibili.com/video/BV1Kg411T7t9/?p=177
178,小兔鲜项目搭建-11-快捷导航-布局,567,9m27s,24h10m35s,3h6m9s,https://www.bilibili.com/video/BV1Kg411T7t9/?p=178
179,小兔鲜项目搭建-12-快捷导航-内容,695,11m35s,24h22m10s,2h54m34s,https://www.bilibili.com/video/BV1Kg411T7t9/?p=179
180,小兔鲜项目搭建-13-header-布局,610,10m10s,24h32m20s,2h44m24s,https://www.bilibili.com/video/BV1Kg411T7t9/?p=180
181,小兔鲜项目搭建-14-logo和导航,547,9m7s,24h41m27s,2h35m17s,https://www.bilibili.com/video/BV1Kg411T7t9/?p=181
182,小兔鲜项目搭建-15-搜索,657,10m57s,24h52m24s,2h24m20s,https://www.bilibili.com/video/BV1Kg411T7t9/?p=182
183,小兔鲜项目搭建-16-购物车,469,7m49s,25h0m13s,2h16m31s,https://www.bilibili.com/video/BV1Kg411T7t9/?p=183
184,小兔鲜项目搭建-17-版权-布局,640,10m40s,25h10m53s,2h5m51s,https://www.bilibili.com/video/BV1Kg411T7t9/?p=184
185,小兔鲜项目搭建-18-版权-li内容完成,725,12m5s,25h22m58s,1h53m46s,https://www.bilibili.com/video/BV1Kg411T7t9/?p=185
186,小兔鲜项目搭建-19-版权底部,292,4m52s,25h27m50s,1h48m54s,https://www.bilibili.com/video/BV1Kg411T7t9/?p=186
187,小兔鲜项目主体-01-banner-图,413,6m53s,25h34m43s,1h42m1s,https://www.bilibili.com/video/BV1Kg411T7t9/?p=187
188,小兔鲜项目主体-02-banner-侧导航-布局,497,8m17s,25h43m0s,1h33m44s,https://www.bilibili.com/video/BV1Kg411T7t9/?p=188
189,小兔鲜项目主体-03-banner-侧导航-文字内容,536,8m56s,25h51m56s,1h24m48s,https://www.bilibili.com/video/BV1Kg411T7t9/?p=189
190,小兔鲜项目主体-04-banner-箭头,893,14m53s,26h6m49s,1h9m55s,https://www.bilibili.com/video/BV1Kg411T7t9/?p=190
191,小兔鲜项目主体-05-banner-圆点,664,11m4s,26h17m53s,0h58m51s,https://www.bilibili.com/video/BV1Kg411T7t9/?p=191
192,小兔鲜项目主体-06-新鲜好物-标题,703,11m43s,26h29m36s,0h47m8s,https://www.bilibili.com/video/BV1Kg411T7t9/?p=192
193,小兔鲜项目主体-07-新鲜好物-内容-布局,562,9m22s,26h38m58s,0h37m46s,https://www.bilibili.com/video/BV1Kg411T7t9/?p=193
194,小兔鲜项目主体-08-新鲜好物-内容完成,404,6m44s,26h45m42s,0h31m2s,https://www.bilibili.com/video/BV1Kg411T7t9/?p=194
195,小兔鲜项目主体-09-新鲜好物-新品文字,374,6m14s,26h51m56s,0h24m48s,https://www.bilibili.com/video/BV1Kg411T7t9/?p=195
196,小兔鲜项目主体-10-生鲜-标题-布局,550,9m10s,27h1m6s,0h15m38s,https://www.bilibili.com/video/BV1Kg411T7t9/?p=196
197,小兔鲜项目主体-11-生鲜区域,632,10m32s,27h11m38s,0h5m6s,https://www.bilibili.com/video/BV1Kg411T7t9/?p=197
198,小兔鲜项目主体-12-生鲜-内容-布局,306,5m6s,27h16m44s,0h0m0s,https://www.bilibili.com/video/BV1Kg411T7t9/?p=198
